Mlle;Nom;Prénoms;Sexe;Naissance;Lieu;Père;Mère;"Profession père";"Profession mère";Adresse;Contact;Date
0091;Mcconnell;Amelia;Féminin;2005-08-30;Gwynn;Hooper;Miles;"incididunt elit";"ea ut";"834 Ebony Court, Deseret, West Virginia";"+228(874) 533-2017";"2019-07-27 04:32:41"
0092;Richards;Lynda;Féminin;2002-09-30;Volta;Tran;Washington;"id commodo";"aute cupidatat";"988 Friel Place, Caledonia, New Jersey";"+228(855) 456-3435";"2018-11-13 18:38:49"
0093;Wheeler;Chandra;Féminin;2000-11-16;Bartley;Mooney;Corine;"exercitation culpa";"labore eiusmod";"723 Dikeman Street, Delwood, Federated States Of Micronesia";"+228(863) 589-3571";"2019-01-05 17:41:12"
0094;Gates;Brigitte;Féminin;2001-08-24;Nipinnawasee;Ryan;Combs;"consectetur voluptate";"magna ipsum";"729 Lafayette Walk, Northridge, Wyoming";"+228(902) 532-3349";"2019-02-28 21:02:50"
0095;Sanford;Bonita;Féminin;2001-09-13;Tryon;Rollins;Wendi;"adipisicing consequat";"consectetur ad";"128 Bush Street, Snelling, Virginia";"+228(969) 473-3166";"2019-04-12 02:44:58"
0096;Shields;Rachael;Féminin;2002-10-02;Blue;Garcia;Erin;"adipisicing esse";"consequat consequat";"230 Martense Street, Lydia, Georgia";"+228(944) 457-2667";"2019-02-09 10:32:26"
0097;Goff;Ida;Féminin;2000-07-10;Edmund;Osborne;Farley;"quis tempor";"veniam velit";"511 Manhattan Avenue, Cumminsville, Delaware";"+228(824) 473-3087";"2018-10-04 22:46:04"
0098;Christian;Martina;Féminin;2000-05-23;Hayes;Wiggins;Small;"cupidatat duis";"sunt ex";"102 Channel Avenue, Kimmell, Maryland";"+228(946) 466-2000";"2019-04-07 08:25:45"
0099;Parks;Tania;Féminin;2001-11-13;Mammoth;Kelley;Carmela;"reprehenderit id";"exercitation id";"919 Dennett Place, Nicut, New Hampshire";"+228(824) 522-2243";"2018-09-28 06:58:50"
100;Clarke;Julianne;Féminin;2001-11-20;Dunnavant;Mitchell;Ingrid;"amet ad";"eiusmod velit";"161 Batchelder Street, Glasgow, Minnesota";"+228(809) 582-2984";"2019-03-11 20:17:12"
0101;Hoffman;Noel;Masculin;2004-09-15;Rockhill;Cameron;Lenora;"dolor culpa";"quis minim";"663 Laurel Avenue, Bethpage, Arizona";"+228(942) 433-3855";"2019-07-02 14:00:54"
0102;Patrick;Buchanan;Masculin;2001-08-24;Leola;Vargas;Mccray;"voluptate magna";"anim minim";"700 Wyckoff Street, Bowmansville, Colorado";"+228(861) 448-2649";"2019-06-17 22:46:32"
0103;Reynolds;Hess;Masculin;2002-08-06;Gilgo;Dickerson;Cunningham;"nostrud consectetur";"cillum velit";"222 Schenck Place, Vernon, Maine";"+228(906) 419-3441";"2019-02-09 01:33:20"
0104;Montoya;Boyer;Masculin;2003-06-23;Why;Cotton;Vazquez;"ad consequat";"nostrud est";"363 Norman Avenue, Wakarusa, Virginia";"+228(880) 479-2217";"2019-06-30 07:35:37"
0105;Foreman;Pickett;Masculin;2003-08-31;Cassel;Gilliam;Earline;"ex eiusmod";"excepteur in";"211 Hawthorne Street, Wacissa, Louisiana";"+228(845) 541-2027";"2018-10-07 20:39:06"
0106;Gutierrez;Sherman;Masculin;2004-09-08;Sanborn;Welch;Burton;"eiusmod elit";"aute consequat";"518 Carroll Street, Tetherow, New York";"+228(935) 451-3611";"2018-11-22 12:54:55"
0107;Reeves;Wong;Masculin;2004-06-01;Tooleville;Wyatt;Bryan;"nisi in";"fugiat velit";"291 Branton Street, Bangor, Wyoming";"+228(979) 569-3291";"2018-11-07 04:26:59"
0108;Blankenship;Ortega;Masculin;2002-03-06;Ebro;Guthrie;Bonner;"ea dolore";"ut occaecat";"153 Lois Avenue, Bainbridge, Marshall Islands";"+228(890) 501-2917";"2018-11-06 22:27:47"
0109;Garner;Taylor;Masculin;2002-05-21;Winchester;Snow;Maryellen;"ex esse";"ea veniam";"518 Pulaski Street, Kraemer, Oklahoma";"+228(989) 473-3071";"2019-05-23 20:56:08"
0110;Kemp;Kidd;Masculin;2000-01-28;Reinerton;Haley;Day;"mollit nisi";"exercitation aliquip";"903 Cambridge Place, Neibert, Minnesota";"+228(868) 558-3056";"2019-04-30 11:51:06"
0111;Knight;Holman;Masculin;2002-11-03;Linganore;Moran;Massey;"ullamco consectetur";"aliqua magna";"391 Dictum Court, Wanship, Iowa";"+228(909) 576-2963";"2019-06-04 04:41:42"
0112;Larson;Bowers;Masculin;2002-11-21;Vivian;Cain;Wilda;"dolore quis";"aliquip ex";"697 Dinsmore Place, Hardyville, Massachusetts";"+228(885) 496-3386";"2018-11-23 12:55:21"
0113;Parker;Mcclain;Masculin;2004-11-25;Crawfordsville;Emerson;England;"dolore eu";"id aliqua";"505 Indiana Place, Emison, Wisconsin";"+228(984) 424-2752";"2019-03-19 06:44:40"
0114;Weber;Conley;Masculin;2002-10-04;Itmann;Horn;Frieda;"magna quis";"nisi ex";"439 Richardson Street, Charco, Rhode Island";"+228(877) 564-3960";"2019-07-04 13:10:39"
0115;Skinner;Stein;Masculin;2001-05-18;Rosewood;Garcia;Adrienne;"minim esse";"proident ullamco";"952 Schenck Avenue, Jeff, American Samoa";"+228(819) 564-3158";"2018-12-25 18:32:31"
